password,label,length,uppercase_count,lowercase_count,digit_count,special_count,unique_chars,entropy,diversity_ratio
12345,weak,5,0,0,5,0,5,11.60964047443681,1.0
password,weak,8,0,8,0,0,7,22.0,0.875
abc123,medium,6,0,3,3,0,6,15.509775004326936,1.0
hello@123,medium,9,0,5,3,1,8,26.52932501298081,0.8888888888888888
Strong@123,strong,10,1,5,3,1,10,33.219280948873624,1.0
MySecure#Pass99,strong,15,3,9,2,1,12,52.60335893412778,0.8
